{
	"$schema": "https://schemas.wp.org/trunk/theme.json",
	"version": 2,
	"settings": {
		"appearanceTools": false,
		"border": {
			"color": true,
			"radius": true,
			"style": true,
			"width": true
		},
		"color": {
			"custom": false,
			"defaultPalette": false,
			"palette": [
				{
					"slug": "primary",
					"color": "#013a56",
					"name": "Primary"
				},
				{
					"slug": "secondary",
					"color": "#ff0",
					"name": "Secondary"
				},
				{
					"slug": "yellow",
					"color": "#fdd700",
					"name": "Yellow"
				},
				{
					"slug": "green",
					"color": "#24b34b",
					"name": "Green"
				},
				{
					"slug": "key-lime",
					"color": "#bad532",
					"name": "Key Lime"
				},
				{
					"slug": "pear",
					"color": "#dee21e",
					"name": "Pear"
				},
				{
					"slug": "pale-blue",
					"color": "#edf4f5",
					"name": "Pale Blue"
				},
				{
					"slug": "teal",
					"color": "#02aea8",
					"name": "Teal"
				},
				{
					"slug": "blue",
					"color": "#046388",
					"name": "Blue"
				},
				{
					"slug": "purple",
					"color": "#150e40",
					"name": "Purple"
				},
				{
					"slug": "river-bed",
					"color": "#415364",
					"name": "Gray"
				},
				{
					"slug": "black",
					"color": "#000",
					"name": "Black"
				},
				{
					"slug": "white",
					"color": "#fff",
					"name": "White"
				}
			],
			"duotone": [],
			"customDuotone": false,
			"defaultGradients": false,
			"gradients": [
				{
					"slug": "horizontal-main",
					"gradient": "linear-gradient(90deg, #fdd700 0%, #dee21e 25%, #bad532 50%, #02aea8 77%, #046388 100%)",
					"name": "Horizontal Main"
				},
				{
					"slug": "horizontal-blue",
					"gradient": "linear-gradient(90deg, #046388 0%, #150e40 100%)",
					"name": "Horizontal Blue"
				}
			]
		},
		"layout": {
			"contentSize": "1080px",
			"wideSize": "1320px"
		},
		"spacing": {
			"margin": true,
			"padding": true,
			"blockGap": false,
			"spacingScale": {
				"steps": 0
			},
			"spacingSizes": [
				{
					"size": "clamp(1.5rem, 5vw, 2rem)",
					"slug": "30",
					"name": "1"
				},
				{
					"size": "clamp(1.8rem, 1.8rem + ((1vw - 0.48rem) * 2.885), 3rem)",
					"slug": "40",
					"name": "2"
				},
				{
					"size": "clamp(2.5rem, 8vw, 4.5rem)",
					"slug": "50",
					"name": "3"
				},
				{
					"size": "clamp(3.75rem, 10vw, 7rem)",
					"slug": "60",
					"name": "4"
				},
				{
					"size": "clamp(5rem, 5.25rem + ((1vw - 0.48rem) * 9.096), 8rem)",
					"slug": "70",
					"name": "5"
				},
				{
					"size": "clamp(7rem, 14vw, 11rem)",
					"slug": "80",
					"name": "6"
				}
			],
			"units": [
				"%",
				"px",
				"rem",
				"vh",
				"vw"
			]
		},
		"typography": {
			"customFontSize": false,
			"dropCap": false,
			"fontWeight": false,
			"fontStyle": false,
			"letterSpacing": false,
			"lineHeight": true,
			"textDecoration": false,
			"fontFamilies": [
				{
					"fontFamily": "'new-frank', sans-serif",
					"slug": "new-frank",
					"name": "New Frank"
				},
				{
					"fontFamily": "-apple-system, BlinkMacSystemFont, \"Segoe UI\", Roboto, Oxygen-Sans, Ubuntu, Cantarell, \"Helvetica Neue\", sans-serif",
					"slug": "system-fonts",
					"name": "System Fonts"
				}
			],
			"fontSizes": [
				{
					"slug": "small",
					"size": "clamp(0.9375rem, 0.8661rem + 0.1488vw, 1rem)",
					"name": "S"
				},
				{
					"slug": "medium",
					"size": "clamp(1rem, 0.786rem + 0.4458vw, 1.1875rem)",
					"name": "M"
				},
				{
					"slug": "large",
					"size": "clamp(1.125rem, 1.0536rem + 0.1488vw, 1.1875rem)",
					"name": "L"
				},
				{
					"slug": "x-large",
					"size": "clamp(1.25rem, 1.1071rem + 0.2976vw, 1.375rem)",
					"name": "XL"
				},
				{
					"slug": "xx-large",
					"size": "clamp(1.5625rem, 1.2054rem + 0.744vw, 1.875rem)",
					"name": "XXL"
				},
				{
					"slug": "xxx-large",
					"size": "clamp(1.875rem, 1.1607rem + 1.4881vw, 2.5rem)",
					"name": "3XL"
				}
			]
		},
		"custom": {
			"spacing": {
				"small": "max(1.5rem, 2vw)",
				"medium": "clamp(2rem, 8vw, calc(4 * 1.5rem))",
				"large": "clamp(4rem, 10vw, 8rem)",
				"outer": "var(--wp--custom--spacing--small, 1.5rem)"
			},
			"typography": {
				"font-size": {
					"huge": "clamp(2.25rem, 4vw, 2.75rem)",
					"gigantic": "clamp(2.75rem, 6vw, 3.25rem)",
					"colossal": "clamp(3.25rem, 8vw, 6.25rem)"
				},
				"line-height": {
					"tiny": 1.15,
					"small": 1.2,
					"medium": 1.4,
					"normal": 1.6
				}
			}
		},
		"blocks": {
			"core/heading": {
				"color": {
					"background": true,
					"link": true
				}
			},
			"core/paragraph": {
				"color": {
					"background": true,
					"link": true
				}
			}
		}
	},
	"styles": {
		"color": {
			"background": "var(--wp--preset--color--white)",
			"text": "var(--wp--preset--color--black)"
		},
		"elements": {
			"button": {
				"border": {
					"color": "var(--wp--preset--color--secondary)",
					"width": "2px"
				},
				"color": {
					"background": "var(--wp--preset--color--secondary)",
					"text": "var(--wp--preset--color--black)"
				},
				":hover": {
					"color": {
						"background": "var(--wp--preset--color--white)",
						"text": "var(--wp--preset--color--black)"
					}
				},
				":focus": {
					"color": {
						"background": "var(--wp--preset--color--white)",
						"text": "var(--wp--preset--color--black)"
					}
				},
				":active": {
					"border": {
						"color": "var(--wp--preset--color--black)"
					}
				},
				":visited": {
					"color": {
						"background": "var(--wp--preset--color--secondary)",
						"text": "var(--wp--preset--color--black)"
					}
				},
				"typography": {
					"fontWeight": "700",
					"lineHeight": "1.5"
				}
			},
			"h1": {
				"typography": {
					"fontSize": "clamp(2.1875rem, 1.0446rem + 2.381vw, 3.1875rem)",
					"lineHeight": "var(--wp--custom--typography--line-height--tiny)"
				}
			},
			"h2": {
				"typography": {
					"fontSize": "var(--wp--preset--font-size--xx-large)",
					"lineHeight": "var(--wp--custom--typography--line-height--small)"
				}
			},
			"h3": {
				"typography": {
					"fontSize": "var(--wp--preset--font-size--x-large)",
					"lineHeight": "var(--wp--custom--typography--line-height--tiny)"
				}
			},
			"h4": {
				"typography": {
					"fontSize": "var(--wp--preset--font-size--large)",
					"lineHeight": "var(--wp--custom--typography--line-height--tiny)"
				}
			},
			"h5": {
				"typography": {
					"fontSize": "var(--wp--preset--font-size--medium)",
					"lineHeight": "var(--wp--custom--typography--line-height--normal)"
				}
			},
			"h6": {
				"typography": {
					"fontSize": "var(--wp--preset--font-size--small)",
					"lineHeight": "var(--wp--custom--typography--line-height--normal)",
					"textTransform": "uppercase"
				}
			},
			"heading": {
				"typography": {
					"fontWeight": "700"
				}
			},
			"link": {
				"color": {
					"text": "var(--wp--preset--color--quaternary)"
				},
				":hover": {
					"color": {
						"text": "var(--wp--preset--color--primary)"
					},
					"typography": {
						"textDecoration": "underline"
					}
				},
				":focus": {
					"typography": {
						"textDecoration": "underline dashed"
					}
				},
				":active": {
					"color": {
						"text": "var(--wp--preset--color--primary)"
					},
					"typography": {
						"textDecoration": "underline"
					}
				},
				"typography": {
					"textDecoration": "none"
				}
			}
		},
		"spacing": {
			"blockGap": "1.5rem"
		},
		"typography": {
			"fontFamily": "var(--wp--preset--font-family--new-frank)",
			"fontSize": "var(--wp--preset--font-size--medium)",
			"lineHeight": "var(--wp--custom--typography--line-height--normal)"
		},
		"blocks": {
			"core/quote": {
				"border": {
					"color": "var(--wp--preset--color--secondary)"
				},
				"typography": {
					"fontSize": "var(--wp--preset--font-size--large)",
					"fontWeight": "400",
					"fontStyle": "italic",
					"lineHeight": "var(--wp--custom--typography--line-height--medium)"
				}
			}
		}
	}
}