{
    "key": "group_6583248ce091e",
    "title": "Module: Video Settings (to clone)",
    "fields": [
        {
            "key": "field_6583248f218d3",
            "label": "Video",
            "name": "video_setting",
            "aria-label": "",
            "type": "oembed",
            "instructions": "",
            "required": 0,
            "conditional_logic": 0,
            "wrapper": {
                "width": "",
                "class": "",
                "id": ""
            },
            "width": "",
            "height": ""
        }
    ],
    "location": [
        [
            {
                "param": "post_type",
                "operator": "==",
                "value": "post"
            }
        ]
    ],
    "menu_order": 0,
    "position": "normal",
    "style": "default",
    "label_placement": "top",
    "instruction_placement": "label",
    "hide_on_screen": "",
    "active": false,
    "description": "",
    "show_in_rest": 0,
    "modified": 1703785014
}
