{
    "key": "group_5d16233395958",
    "title": "Element: Color Picker (to clone)",
    "fields": [
        {
            "key": "field_5d16235b009ea",
            "label": "Color Picker",
            "name": "color_picker",
            "aria-label": "",
            "type": "select",
            "instructions": "",
            "required": 0,
            "conditional_logic": 0,
            "wrapper": {
                "width": "",
                "class": "",
                "id": ""
            },
            "choices": {
                "primary": "<div style=\"display: flex; align-items: center;\"><span style=\"background-color:#013a56; border: 1px solid #ccc;display:inline-block; height: 15px; margin-right: 10px; width: 15px;\"><\/span>Primary<\/div>",
                "secondary": "<div style=\"display: flex; align-items: center;\"><span style=\"background-color:#ff0; border: 1px solid #ccc;display:inline-block; height: 15px; margin-right: 10px; width: 15px;\"><\/span>Secondary<\/div>",
                "yellow": "<div style=\"display: flex; align-items: center;\"><span style=\"background-color:#fdd700; border: 1px solid #ccc;display:inline-block; height: 15px; margin-right: 10px; width: 15px;\"><\/span>Yellow<\/div>",
                "green": "<div style=\"display: flex; align-items: center;\"><span style=\"background-color:#24b34b; border: 1px solid #ccc;display:inline-block; height: 15px; margin-right: 10px; width: 15px;\"><\/span>Green<\/div>",
                "key-lime": "<div style=\"display: flex; align-items: center;\"><span style=\"background-color:#bad532; border: 1px solid #ccc;display:inline-block; height: 15px; margin-right: 10px; width: 15px;\"><\/span>Key Lime<\/div>",
                "pear": "<div style=\"display: flex; align-items: center;\"><span style=\"background-color:#dee21e; border: 1px solid #ccc;display:inline-block; height: 15px; margin-right: 10px; width: 15px;\"><\/span>Pear<\/div>",
                "pale-blue": "<div style=\"display: flex; align-items: center;\"><span style=\"background-color:#edf4f5; border: 1px solid #ccc;display:inline-block; height: 15px; margin-right: 10px; width: 15px;\"><\/span>Pale Blue<\/div>",
                "teal": "<div style=\"display: flex; align-items: center;\"><span style=\"background-color:#02aea8; border: 1px solid #ccc;display:inline-block; height: 15px; margin-right: 10px; width: 15px;\"><\/span>Teal<\/div>",
                "blue": "<div style=\"display: flex; align-items: center;\"><span style=\"background-color:#046388; border: 1px solid #ccc;display:inline-block; height: 15px; margin-right: 10px; width: 15px;\"><\/span>Blue<\/div>",
                "purple": "<div style=\"display: flex; align-items: center;\"><span style=\"background-color:#150e40; border: 1px solid #ccc;display:inline-block; height: 15px; margin-right: 10px; width: 15px;\"><\/span>Purple<\/div>",
                "black": "<div style=\"display: flex; align-items: center;\"><span style=\"background-color:#000; border: 1px solid #ccc;display:inline-block; height: 15px; margin-right: 10px; width: 15px;\"><\/span>Black<\/div>",
                "white": "<div style=\"display: flex; align-items: center;\"><span style=\"background-color:#fff; border: 1px solid #ccc;display:inline-block; height: 15px; margin-right: 10px; width: 15px;\"><\/span>White<\/div>"
            },
            "default_value": false,
            "return_format": "value",
            "multiple": 0,
            "allow_null": 1,
            "ui": 1,
            "ajax": 0,
            "placeholder": ""
        }
    ],
    "location": [
        [
            {
                "param": "post_type",
                "operator": "==",
                "value": "post"
            }
        ]
    ],
    "menu_order": 0,
    "position": "normal",
    "style": "seamless",
    "label_placement": "top",
    "instruction_placement": "label",
    "hide_on_screen": "",
    "active": false,
    "description": "",
    "show_in_rest": 0,
    "modified": 1692271326
}
