{
    "key": "group_646da3c35e2f4",
    "title": "Design Options",
    "fields": [
        {
            "key": "field_646da3c48b79a",
            "label": "Design",
            "name": "",
            "aria-label": "",
            "type": "tab",
            "instructions": "",
            "required": 0,
            "conditional_logic": 0,
            "wrapper": {
                "width": "",
                "class": "",
                "id": ""
            },
            "placement": "top",
            "endpoint": 0
        },
        {
            "key": "field_646dd65475ba7",
            "label": "",
            "name": "design",
            "aria-label": "",
            "type": "group",
            "instructions": "",
            "required": 0,
            "conditional_logic": 0,
            "wrapper": {
                "width": "",
                "class": "",
                "id": ""
            },
            "layout": "block",
            "sub_fields": [
                {
                    "key": "field_646da4188b79b",
                    "label": "Background",
                    "name": "",
                    "aria-label": "",
                    "type": "accordion",
                    "instructions": "",
                    "required": 0,
                    "conditional_logic": 0,
                    "wrapper": {
                        "width": "",
                        "class": "",
                        "id": ""
                    },
                    "open": 1,
                    "multi_expand": 0,
                    "endpoint": 0
                },
                {
                    "key": "field_5d1625166d0bc",
                    "label": "Media Type",
                    "name": "background_type",
                    "aria-label": "",
                    "type": "button_group",
                    "instructions": "Choose a type of background.",
                    "required": 0,
                    "conditional_logic": 0,
                    "wrapper": {
                        "width": "50",
                        "class": "",
                        "id": ""
                    },
                    "choices": {
                        "none": "None",
                        "color": "Color",
                        "gradient": "Gradient",
                        "image": "Image",
                        "video": "Video"
                    },
                    "default_value": "none",
                    "return_format": "value",
                    "allow_null": 0,
                    "layout": "horizontal"
                },
                {
                    "key": "field_5d16255c6d0bd",
                    "label": "Color",
                    "name": "background_color",
                    "aria-label": "",
                    "type": "clone",
                    "instructions": "Select a background color.",
                    "required": 0,
                    "conditional_logic": [
                        [
                            {
                                "field": "field_5d1625166d0bc",
                                "operator": "==",
                                "value": "color"
                            }
                        ]
                    ],
                    "wrapper": {
                        "width": "50",
                        "class": "",
                        "id": ""
                    },
                    "clone": [
                        "group_5d16233395958"
                    ],
                    "display": "group",
                    "layout": "block",
                    "prefix_label": 0,
                    "prefix_name": 0
                },
                {
                    "key": "field_646c3e47498ba",
                    "label": "Gradient",
                    "name": "gradient",
                    "aria-label": "",
                    "type": "select",
                    "instructions": "",
                    "required": 0,
                    "conditional_logic": [
                        [
                            {
                                "field": "field_5d1625166d0bc",
                                "operator": "==",
                                "value": "gradient"
                            }
                        ]
                    ],
                    "wrapper": {
                        "width": "",
                        "class": "",
                        "id": ""
                    },
                    "choices": {
                        "horizontal-main": "<div style=\"display: flex; align-items: center;\"><span style=\"background:linear-gradient(90deg, #fdd700 0%, #dee21e 25%, #bad532 50%, #02aea8 77%, #046388 100%); border: 1px solid #ccc;display:inline-block; height: 15px; margin-right: 10px; width: 15px;\"><\/span>Horizontal Main<\/div>",
                        "horizontal-blue": "<div style=\"display: flex; align-items: center;\"><span style=\"background:linear-gradient(90deg, #046388 0%, #150e40 100%); border: 1px solid #ccc;display:inline-block; height: 15px; margin-right: 10px; width: 15px;\"><\/span>Horizontal Blue<\/div>"
                    },
                    "default_value": false,
                    "return_format": "value",
                    "multiple": 0,
                    "allow_null": 0,
                    "ui": 1,
                    "ajax": 0,
                    "placeholder": ""
                },
                {
                    "key": "field_5d1626806d0c0",
                    "label": "Image",
                    "name": "background_image",
                    "aria-label": "",
                    "type": "image",
                    "instructions": "Add\/Upload an image file. (jpg, .png). For best results use 1200x675, up to 1920x1080 resolution.",
                    "required": 0,
                    "conditional_logic": [
                        [
                            {
                                "field": "field_5d1625166d0bc",
                                "operator": "==",
                                "value": "image"
                            }
                        ]
                    ],
                    "wrapper": {
                        "width": "50",
                        "class": "",
                        "id": ""
                    },
                    "return_format": "array",
                    "library": "all",
                    "min_width": "",
                    "min_height": "",
                    "min_size": "",
                    "max_width": "",
                    "max_height": "",
                    "max_size": "",
                    "mime_types": "",
                    "preview_size": "full"
                },
                {
                    "key": "field_64ccdcfd8ad71",
                    "label": "Video Type",
                    "name": "video_type",
                    "aria-label": "",
                    "type": "button_group",
                    "instructions": "",
                    "required": 0,
                    "conditional_logic": [
                        [
                            {
                                "field": "field_5d1625166d0bc",
                                "operator": "==",
                                "value": "video"
                            }
                        ]
                    ],
                    "wrapper": {
                        "width": "50",
                        "class": "",
                        "id": ""
                    },
                    "choices": {
                        "file": "File",
                        "oembed": "oEmbed",
                        "script": "Script"
                    },
                    "default_value": "",
                    "return_format": "value",
                    "allow_null": 0,
                    "layout": "horizontal"
                },
                {
                    "key": "field_5d1626ac6d0c1",
                    "label": "Video MP4",
                    "name": "video_mp4",
                    "aria-label": "",
                    "type": "file",
                    "instructions": "Required. Add\/Upload an .mp4 video file.",
                    "required": 1,
                    "conditional_logic": [
                        [
                            {
                                "field": "field_64ccdcfd8ad71",
                                "operator": "==",
                                "value": "file"
                            },
                            {
                                "field": "field_5d1625166d0bc",
                                "operator": "==",
                                "value": "video"
                            }
                        ]
                    ],
                    "wrapper": {
                        "width": "50",
                        "class": "",
                        "id": ""
                    },
                    "return_format": "array",
                    "library": "all",
                    "min_size": "",
                    "max_size": "",
                    "mime_types": ".mp4"
                },
                {
                    "key": "field_64cce0f18ad73",
                    "label": "Video WebM",
                    "name": "video_webm",
                    "aria-label": "",
                    "type": "file",
                    "instructions": "Required. Add\/Upload an .webm video file.",
                    "required": 0,
                    "conditional_logic": [
                        [
                            {
                                "field": "field_64ccdcfd8ad71",
                                "operator": "==",
                                "value": "file"
                            },
                            {
                                "field": "field_5d1625166d0bc",
                                "operator": "==",
                                "value": "video"
                            }
                        ]
                    ],
                    "wrapper": {
                        "width": "",
                        "class": "",
                        "id": ""
                    },
                    "return_format": "array",
                    "library": "all",
                    "min_size": "",
                    "max_size": "",
                    "mime_types": ".webm"
                },
                {
                    "key": "field_64cce2308ad74",
                    "label": "Video Embed",
                    "name": "video_embed",
                    "aria-label": "",
                    "type": "oembed",
                    "instructions": "",
                    "required": 0,
                    "conditional_logic": [
                        [
                            {
                                "field": "field_5d1625166d0bc",
                                "operator": "==",
                                "value": "video"
                            },
                            {
                                "field": "field_64ccdcfd8ad71",
                                "operator": "==",
                                "value": "oembed"
                            }
                        ]
                    ],
                    "wrapper": {
                        "width": "",
                        "class": "",
                        "id": ""
                    },
                    "width": "",
                    "height": ""
                },
                {
                    "key": "field_64cce35f8ad79",
                    "label": "Video Script",
                    "name": "video_script",
                    "aria-label": "",
                    "type": "textarea",
                    "instructions": "",
                    "required": 0,
                    "conditional_logic": [
                        [
                            {
                                "field": "field_5d1625166d0bc",
                                "operator": "==",
                                "value": "video"
                            },
                            {
                                "field": "field_64ccdcfd8ad71",
                                "operator": "==",
                                "value": "script"
                            }
                        ]
                    ],
                    "wrapper": {
                        "width": "",
                        "class": "",
                        "id": ""
                    },
                    "default_value": "",
                    "maxlength": "",
                    "rows": "",
                    "placeholder": "",
                    "new_lines": ""
                },
                {
                    "key": "field_61b97b57863d0",
                    "label": "Parallax",
                    "name": "has_parallax",
                    "aria-label": "",
                    "type": "true_false",
                    "instructions": "Background stays in place as you scroll down, also known as a parallax effect.",
                    "required": 0,
                    "conditional_logic": [
                        [
                            {
                                "field": "field_5d1625166d0bc",
                                "operator": "==",
                                "value": "image"
                            }
                        ]
                    ],
                    "wrapper": {
                        "width": "50",
                        "class": "",
                        "id": ""
                    },
                    "message": "",
                    "default_value": 0,
                    "ui_on_text": "Yes",
                    "ui_off_text": "No",
                    "ui": 1
                },
                {
                    "key": "field_5d1625c56d0be",
                    "label": "Add Overlay",
                    "name": "has_overlay",
                    "aria-label": "",
                    "type": "true_false",
                    "instructions": "Background Overlay to use with Image and Video only.",
                    "required": 0,
                    "conditional_logic": [
                        [
                            {
                                "field": "field_5d1625166d0bc",
                                "operator": "==",
                                "value": "image"
                            }
                        ],
                        [
                            {
                                "field": "field_5d1625166d0bc",
                                "operator": "==",
                                "value": "video"
                            }
                        ]
                    ],
                    "wrapper": {
                        "width": "50",
                        "class": "",
                        "id": ""
                    },
                    "message": "",
                    "default_value": 0,
                    "ui_on_text": "Add",
                    "ui_off_text": "Remove",
                    "ui": 1
                },
                {
                    "key": "field_646da7ccecde9",
                    "label": "Overlay Type",
                    "name": "overlay_type",
                    "aria-label": "",
                    "type": "button_group",
                    "instructions": "",
                    "required": 0,
                    "conditional_logic": [
                        [
                            {
                                "field": "field_5d1625c56d0be",
                                "operator": "==",
                                "value": "1"
                            },
                            {
                                "field": "field_5d1625166d0bc",
                                "operator": "==",
                                "value": "image"
                            }
                        ],
                        [
                            {
                                "field": "field_5d1625c56d0be",
                                "operator": "==",
                                "value": "1"
                            },
                            {
                                "field": "field_5d1625166d0bc",
                                "operator": "==",
                                "value": "video"
                            }
                        ]
                    ],
                    "wrapper": {
                        "width": "50",
                        "class": "",
                        "id": ""
                    },
                    "choices": {
                        "color": "Color",
                        "gradient": "Gradient"
                    },
                    "default_value": "",
                    "return_format": "value",
                    "allow_null": 0,
                    "layout": "horizontal"
                },
                {
                    "key": "field_5d1626116d0bf",
                    "label": "Overlay Color",
                    "name": "overlay_color",
                    "aria-label": "",
                    "type": "clone",
                    "instructions": "Select Background Overlay Color.",
                    "required": 0,
                    "conditional_logic": [
                        [
                            {
                                "field": "field_646da7ccecde9",
                                "operator": "==",
                                "value": "color"
                            },
                            {
                                "field": "field_5d1625c56d0be",
                                "operator": "==",
                                "value": "1"
                            },
                            {
                                "field": "field_5d1625166d0bc",
                                "operator": "==",
                                "value": "image"
                            }
                        ],
                        [
                            {
                                "field": "field_646da7ccecde9",
                                "operator": "==",
                                "value": "color"
                            },
                            {
                                "field": "field_5d1625c56d0be",
                                "operator": "==",
                                "value": "1"
                            },
                            {
                                "field": "field_5d1625166d0bc",
                                "operator": "==",
                                "value": "video"
                            }
                        ]
                    ],
                    "wrapper": {
                        "width": "50",
                        "class": "",
                        "id": ""
                    },
                    "clone": [
                        "group_5d16233395958"
                    ],
                    "display": "group",
                    "layout": "block",
                    "prefix_label": 0,
                    "prefix_name": 1
                },
                {
                    "key": "field_646da912fb407",
                    "label": "Overlay Gradient",
                    "name": "overlay_gradient",
                    "aria-label": "",
                    "type": "select",
                    "instructions": "",
                    "required": 0,
                    "conditional_logic": [
                        [
                            {
                                "field": "field_646da7ccecde9",
                                "operator": "==",
                                "value": "gradient"
                            },
                            {
                                "field": "field_5d1625c56d0be",
                                "operator": "==",
                                "value": "1"
                            },
                            {
                                "field": "field_5d1625166d0bc",
                                "operator": "==",
                                "value": "image"
                            }
                        ],
                        [
                            {
                                "field": "field_646da7ccecde9",
                                "operator": "==",
                                "value": "gradient"
                            },
                            {
                                "field": "field_5d1625c56d0be",
                                "operator": "==",
                                "value": "1"
                            },
                            {
                                "field": "field_5d1625166d0bc",
                                "operator": "==",
                                "value": "video"
                            }
                        ]
                    ],
                    "wrapper": {
                        "width": "50",
                        "class": "",
                        "id": ""
                    },
                    "choices": {
                        "horizontal-main": "<div style=\"display: flex; align-items: center;\"><span style=\"background:linear-gradient(90deg, #fdd700 0%, #dee21e 25%, #bad532 50%, #02aea8 77%, #046388 100%); border: 1px solid #ccc;display:inline-block; height: 15px; margin-right: 10px; width: 15px;\"><\/span>Horizontal Main<\/div>",
                        "horizontal-blue": "<div style=\"display: flex; align-items: center;\"><span style=\"background:linear-gradient(90deg, #046388 0%, #150e40 100%); border: 1px solid #ccc;display:inline-block; height: 15px; margin-right: 10px; width: 15px;\"><\/span>Horizontal Blue<\/div>"
                    },
                    "default_value": false,
                    "return_format": "value",
                    "multiple": 0,
                    "allow_null": 0,
                    "ui": 1,
                    "ajax": 0,
                    "placeholder": ""
                },
                {
                    "key": "field_64a3f1bb5fe02",
                    "label": "Overlay Filter",
                    "name": "overlay_filter",
                    "aria-label": "",
                    "type": "true_false",
                    "instructions": "",
                    "required": 0,
                    "conditional_logic": [
                        [
                            {
                                "field": "field_5d1625c56d0be",
                                "operator": "==",
                                "value": "1"
                            }
                        ]
                    ],
                    "wrapper": {
                        "width": "50",
                        "class": "",
                        "id": ""
                    },
                    "message": "",
                    "default_value": 0,
                    "ui_on_text": "",
                    "ui_off_text": "",
                    "ui": 1
                },
                {
                    "key": "field_64957d37e824b",
                    "label": "Add Pattern",
                    "name": "pattern",
                    "aria-label": "",
                    "type": "true_false",
                    "instructions": "",
                    "required": 0,
                    "conditional_logic": 0,
                    "wrapper": {
                        "width": "50",
                        "class": "",
                        "id": ""
                    },
                    "message": "",
                    "default_value": 0,
                    "ui_on_text": "",
                    "ui_off_text": "",
                    "ui": 1
                },
                {
                    "key": "field_64957d51e824c",
                    "label": "Pattern",
                    "name": "pattern_image",
                    "aria-label": "",
                    "type": "image",
                    "instructions": "",
                    "required": 0,
                    "conditional_logic": [
                        [
                            {
                                "field": "field_64957d37e824b",
                                "operator": "==",
                                "value": "1"
                            }
                        ]
                    ],
                    "wrapper": {
                        "width": "50",
                        "class": "",
                        "id": ""
                    },
                    "return_format": "array",
                    "library": "all",
                    "min_width": "",
                    "min_height": "",
                    "min_size": "",
                    "max_width": "",
                    "max_height": "",
                    "max_size": "",
                    "mime_types": "",
                    "preview_size": "medium"
                },
                {
                    "key": "field_64cce3f6f2aaf",
                    "label": "Pattern Position",
                    "name": "pattern_position",
                    "aria-label": "",
                    "type": "button_group",
                    "instructions": "",
                    "required": 0,
                    "conditional_logic": [
                        [
                            {
                                "field": "field_64957d37e824b",
                                "operator": "==",
                                "value": "1"
                            }
                        ]
                    ],
                    "wrapper": {
                        "width": "50",
                        "class": "",
                        "id": ""
                    },
                    "choices": {
                        "left": "Left",
                        "center": "Center",
                        "right": "Right"
                    },
                    "default_value": "",
                    "return_format": "value",
                    "allow_null": 0,
                    "layout": "horizontal"
                },
                {
                    "key": "field_646daaaf91950",
                    "label": "Typography",
                    "name": "",
                    "aria-label": "",
                    "type": "accordion",
                    "instructions": "",
                    "required": 0,
                    "conditional_logic": 0,
                    "wrapper": {
                        "width": "",
                        "class": "",
                        "id": ""
                    },
                    "open": 1,
                    "multi_expand": 0,
                    "endpoint": 0
                },
                {
                    "key": "field_6414480390286",
                    "label": "Tagline Color",
                    "name": "tagline_color",
                    "aria-label": "",
                    "type": "clone",
                    "instructions": "",
                    "required": 0,
                    "conditional_logic": 0,
                    "wrapper": {
                        "width": "32",
                        "class": "",
                        "id": ""
                    },
                    "clone": [
                        "group_5d16233395958"
                    ],
                    "display": "group",
                    "layout": "block",
                    "prefix_label": 0,
                    "prefix_name": 1
                },
                {
                    "key": "field_641448eb90287",
                    "label": "Heading Color",
                    "name": "heading_color",
                    "aria-label": "",
                    "type": "clone",
                    "instructions": "",
                    "required": 0,
                    "conditional_logic": 0,
                    "wrapper": {
                        "width": "32",
                        "class": "",
                        "id": ""
                    },
                    "clone": [
                        "group_5d16233395958"
                    ],
                    "display": "group",
                    "layout": "block",
                    "prefix_label": 0,
                    "prefix_name": 1
                },
                {
                    "key": "field_6414493590288",
                    "label": "Content Color",
                    "name": "text_color",
                    "aria-label": "",
                    "type": "clone",
                    "instructions": "",
                    "required": 0,
                    "conditional_logic": 0,
                    "wrapper": {
                        "width": "32",
                        "class": "",
                        "id": ""
                    },
                    "clone": [
                        "group_5d16233395958"
                    ],
                    "display": "group",
                    "layout": "block",
                    "prefix_label": 0,
                    "prefix_name": 1
                },
                {
                    "key": "field_6190d16345939",
                    "label": "Container Size",
                    "name": "container_size",
                    "aria-label": "",
                    "type": "button_group",
                    "instructions": "Select whether the container of the block should display at fixed width or full width.",
                    "required": 0,
                    "conditional_logic": 0,
                    "wrapper": {
                        "width": "50",
                        "class": "",
                        "id": ""
                    },
                    "choices": {
                        "container": "Container",
                        "container-fluid": "Full"
                    },
                    "default_value": "container",
                    "return_format": "value",
                    "allow_null": 0,
                    "layout": "horizontal"
                },
                {
                    "key": "field_6414497190289",
                    "label": "Inner Content Width",
                    "name": "column_size",
                    "aria-label": "",
                    "type": "select",
                    "instructions": "",
                    "required": 0,
                    "conditional_logic": 0,
                    "wrapper": {
                        "width": "50",
                        "class": "",
                        "id": ""
                    },
                    "choices": {
                        "4": "4 cols - 33.33%",
                        "5": "5 cols - 41.66%",
                        "6": "6 cols - 50%",
                        "7": "7 cols - 58%",
                        "8": "8 cols - 66%",
                        "9": "9 cols - 75%",
                        "10": "10 cols - 83%",
                        "11": "11 cols - 92%",
                        "12": "12 cols - 100%"
                    },
                    "default_value": 12,
                    "return_format": "value",
                    "multiple": 0,
                    "allow_null": 0,
                    "ui": 0,
                    "ajax": 0,
                    "placeholder": ""
                },
                {
                    "key": "field_646dad7467e27",
                    "label": "Dimensions",
                    "name": "",
                    "aria-label": "",
                    "type": "accordion",
                    "instructions": "",
                    "required": 0,
                    "conditional_logic": 0,
                    "wrapper": {
                        "width": "",
                        "class": "",
                        "id": ""
                    },
                    "open": 1,
                    "multi_expand": 0,
                    "endpoint": 0
                },
                {
                    "key": "field_6376d9e083dcd",
                    "label": "Margin Top",
                    "name": "margin_top",
                    "aria-label": "",
                    "type": "button_group",
                    "instructions": "",
                    "required": 0,
                    "conditional_logic": 0,
                    "wrapper": {
                        "width": "50",
                        "class": "",
                        "id": ""
                    },
                    "choices": {
                        "none": "None",
                        "extra-small": "XS",
                        "small": "S",
                        "medium": "M",
                        "large": "L",
                        "extra-large": "XL"
                    },
                    "default_value": "none",
                    "return_format": "value",
                    "allow_null": 0,
                    "layout": "horizontal"
                },
                {
                    "key": "field_6376d9fc83dce",
                    "label": "Margin Bottom",
                    "name": "margin_bottom",
                    "aria-label": "",
                    "type": "button_group",
                    "instructions": "",
                    "required": 0,
                    "conditional_logic": 0,
                    "wrapper": {
                        "width": "50",
                        "class": "",
                        "id": ""
                    },
                    "choices": {
                        "none": "None",
                        "extra-small": "XS",
                        "small": "S",
                        "medium": "M",
                        "large": "L",
                        "extra-large": "XL"
                    },
                    "default_value": "none",
                    "return_format": "value",
                    "allow_null": 0,
                    "layout": "horizontal"
                },
                {
                    "key": "field_635c7e8f29e6d",
                    "label": "Padding Top",
                    "name": "padding_top",
                    "aria-label": "",
                    "type": "button_group",
                    "instructions": "",
                    "required": 0,
                    "conditional_logic": 0,
                    "wrapper": {
                        "width": "50",
                        "class": "",
                        "id": ""
                    },
                    "choices": {
                        "none": "None",
                        "extra-small": "XS",
                        "small": "S",
                        "medium": "M",
                        "large": "L",
                        "extra-large": "XL"
                    },
                    "default_value": "medium",
                    "return_format": "value",
                    "allow_null": 0,
                    "layout": "horizontal"
                },
                {
                    "key": "field_6376d94583dcc",
                    "label": "Padding Bottom",
                    "name": "padding_bottom",
                    "aria-label": "",
                    "type": "button_group",
                    "instructions": "",
                    "required": 0,
                    "conditional_logic": 0,
                    "wrapper": {
                        "width": "50",
                        "class": "",
                        "id": ""
                    },
                    "choices": {
                        "none": "None",
                        "extra-small": "XS",
                        "small": "S",
                        "medium": "M",
                        "large": "L",
                        "extra-large": "XL"
                    },
                    "default_value": "medium",
                    "return_format": "value",
                    "allow_null": 0,
                    "layout": "horizontal"
                }
            ]
        }
    ],
    "location": [
        [
            {
                "param": "block",
                "operator": "==",
                "value": "all"
            }
        ]
    ],
    "menu_order": 0,
    "position": "normal",
    "style": "default",
    "label_placement": "top",
    "instruction_placement": "label",
    "hide_on_screen": "",
    "active": true,
    "description": "Displays the design settings for the block",
    "show_in_rest": 0,
    "modified": 1703436547
}
