{
    "key": "group_6581debf67f0a",
    "title": "Block: Side by Side",
    "fields": [
        {
            "key": "field_6581dec05d1d9",
            "label": "Content",
            "name": "",
            "aria-label": "",
            "type": "tab",
            "instructions": "",
            "required": 0,
            "conditional_logic": 0,
            "wrapper": {
                "width": "",
                "class": "",
                "id": ""
            },
            "placement": "top",
            "endpoint": 0
        },
        {
            "key": "field_6581ded95d1da",
            "label": "Content Layout",
            "name": "content_layout",
            "aria-label": "",
            "type": "button_group",
            "instructions": "",
            "required": 0,
            "conditional_logic": 0,
            "wrapper": {
                "width": "",
                "class": "",
                "id": ""
            },
            "choices": {
                "Text-Media": "Text-Media",
                "Media-Text": "Media-Text"
            },
            "default_value": "Text-Media",
            "return_format": "value",
            "allow_null": 0,
            "layout": "horizontal"
        },
        {
            "key": "field_6581df0b5d1db",
            "label": "Content",
            "name": "content",
            "aria-label": "",
            "type": "group",
            "instructions": "",
            "required": 0,
            "conditional_logic": 0,
            "wrapper": {
                "width": "",
                "class": "",
                "id": ""
            },
            "layout": "block",
            "sub_fields": [
                {
                    "key": "field_65f293af37fee",
                    "label": "Select Heading Tag",
                    "name": "select_heading_tag",
                    "aria-label": "",
                    "type": "radio",
                    "instructions": "",
                    "required": 0,
                    "conditional_logic": 0,
                    "wrapper": {
                        "width": "",
                        "class": "",
                        "id": ""
                    },
                    "choices": {
                        "1": "H1",
                        "2": "H2",
                        "3": "H3",
                        "4": "H4"
                    },
                    "default_value": 1,
                    "return_format": "array",
                    "allow_null": 0,
                    "other_choice": 0,
                    "layout": "vertical",
                    "save_other_choice": 0
                },
                {
                    "key": "field_6581df185d1dc",
                    "label": "Header",
                    "name": "header",
                    "aria-label": "",
                    "type": "clone",
                    "instructions": "",
                    "required": 0,
                    "conditional_logic": 0,
                    "wrapper": {
                        "width": "",
                        "class": "",
                        "id": ""
                    },
                    "clone": [
                        "group_64de022543b61"
                    ],
                    "display": "group",
                    "layout": "block",
                    "prefix_label": 0,
                    "prefix_name": 0
                },
                {
                    "key": "field_6581df4b5d1dd",
                    "label": "Content",
                    "name": "content",
                    "aria-label": "",
                    "type": "wysiwyg",
                    "instructions": "",
                    "required": 0,
                    "conditional_logic": 0,
                    "wrapper": {
                        "width": "",
                        "class": "",
                        "id": ""
                    },
                    "default_value": "",
                    "tabs": "all",
                    "toolbar": "full",
                    "media_upload": 1,
                    "delay": 0
                },
                {
                    "key": "field_6581df585d1de",
                    "label": "Buttons",
                    "name": "buttons",
                    "aria-label": "",
                    "type": "clone",
                    "instructions": "",
                    "required": 0,
                    "conditional_logic": 0,
                    "wrapper": {
                        "width": "",
                        "class": "",
                        "id": ""
                    },
                    "clone": [
                        "group_63c783e10b351"
                    ],
                    "display": "group",
                    "layout": "block",
                    "prefix_label": 0,
                    "prefix_name": 0
                }
            ]
        },
        {
            "key": "field_6581df865d1df",
            "label": "Media",
            "name": "media",
            "aria-label": "",
            "type": "group",
            "instructions": "",
            "required": 0,
            "conditional_logic": 0,
            "wrapper": {
                "width": "",
                "class": "",
                "id": ""
            },
            "layout": "block",
            "sub_fields": [
                {
                    "key": "field_6581df9a5d1e5",
                    "label": "Media Type",
                    "name": "media_type",
                    "aria-label": "",
                    "type": "button_group",
                    "instructions": "",
                    "required": 0,
                    "conditional_logic": 0,
                    "wrapper": {
                        "width": "",
                        "class": "",
                        "id": ""
                    },
                    "choices": {
                        "image": "Image",
                        "video": "Video"
                    },
                    "default_value": "",
                    "return_format": "value",
                    "allow_null": 0,
                    "layout": "horizontal"
                },
                {
                    "key": "field_6581dfd45d1e6",
                    "label": "Image",
                    "name": "image",
                    "aria-label": "",
                    "type": "image",
                    "instructions": "",
                    "required": 0,
                    "conditional_logic": [
                        [
                            {
                                "field": "field_6581df9a5d1e5",
                                "operator": "==",
                                "value": "image"
                            }
                        ]
                    ],
                    "wrapper": {
                        "width": "",
                        "class": "",
                        "id": ""
                    },
                    "return_format": "id",
                    "library": "all",
                    "min_width": "",
                    "min_height": "",
                    "min_size": "",
                    "max_width": "",
                    "max_height": "",
                    "max_size": "",
                    "mime_types": "",
                    "preview_size": "medium"
                },
                {
                    "key": "field_6581dfe45d1e7",
                    "label": "Video",
                    "name": "video",
                    "aria-label": "",
                    "type": "clone",
                    "instructions": "",
                    "required": 0,
                    "conditional_logic": [
                        [
                            {
                                "field": "field_6581df9a5d1e5",
                                "operator": "==",
                                "value": "video"
                            }
                        ]
                    ],
                    "wrapper": {
                        "width": "",
                        "class": "",
                        "id": ""
                    },
                    "clone": [
                        "group_6583248ce091e"
                    ],
                    "display": "group",
                    "layout": "block",
                    "prefix_label": 0,
                    "prefix_name": 0
                }
            ]
        }
    ],
    "location": [
        [
            {
                "param": "block",
                "operator": "==",
                "value": "acf\/side-by-side"
            }
        ]
    ],
    "menu_order": 0,
    "position": "normal",
    "style": "default",
    "label_placement": "top",
    "instruction_placement": "label",
    "hide_on_screen": "",
    "active": true,
    "description": "",
    "show_in_rest": 0,
    "modified": 1710396706
}
