{
    "key": "group_63c783e10b351",
    "title": "Module: Buttons Group (to clone)",
    "fields": [
        {
            "key": "field_6586823742e3a",
            "label": "Buttons Alignment",
            "name": "buttons_alignment",
            "aria-label": "",
            "type": "button_group",
            "instructions": "",
            "required": 0,
            "conditional_logic": 0,
            "wrapper": {
                "width": "",
                "class": "",
                "id": ""
            },
            "choices": {
                "left": "Left",
                "center": "Center",
                "right": "Right"
            },
            "default_value": "center",
            "return_format": "value",
            "allow_null": 0,
            "layout": "horizontal"
        },
        {
            "key": "field_63c783fe414b6",
            "label": "Buttons Group",
            "name": "buttons_group",
            "aria-label": "",
            "type": "repeater",
            "instructions": "",
            "required": 0,
            "conditional_logic": 0,
            "wrapper": {
                "width": "",
                "class": "",
                "id": ""
            },
            "layout": "block",
            "pagination": 0,
            "min": 0,
            "max": 0,
            "collapsed": "",
            "button_label": "Add Button",
            "rows_per_page": 20,
            "sub_fields": [
                {
                    "key": "field_63c783e1115f8",
                    "label": "Button",
                    "name": "button",
                    "aria-label": "",
                    "type": "clone",
                    "instructions": "",
                    "required": 0,
                    "conditional_logic": 0,
                    "wrapper": {
                        "width": "24",
                        "class": "",
                        "id": ""
                    },
                    "clone": [
                        "group_63770b3d6d577"
                    ],
                    "display": "seamless",
                    "layout": "block",
                    "prefix_label": 0,
                    "prefix_name": 0,
                    "parent_repeater": "field_63c783fe414b6"
                }
            ]
        }
    ],
    "location": [
        [
            {
                "param": "post_type",
                "operator": "==",
                "value": "post"
            }
        ]
    ],
    "menu_order": 0,
    "position": "normal",
    "style": "default",
    "label_placement": "top",
    "instruction_placement": "label",
    "hide_on_screen": "",
    "active": false,
    "description": "",
    "show_in_rest": 0,
    "modified": 1703314044
}
