{
    "key": "post_type_659dd3f73a87a",
    "title": "eBooks",
    "menu_order": 0,
    "active": true,
    "post_type": "ebook",
    "advanced_configuration": true,
    "import_source": "",
    "import_date": "",
    "labels": {
        "name": "eBooks",
        "singular_name": "eBook",
        "menu_name": "eBooks",
        "all_items": "All eBooks",
        "edit_item": "Edit eBook",
        "view_item": "View eBook",
        "view_items": "View eBooks",
        "add_new_item": "Add New eBook",
        "add_new": "Add New eBook",
        "new_item": "New eBook",
        "parent_item_colon": "Parent eBook:",
        "search_items": "Search eBooks",
        "not_found": "No ebooks found",
        "not_found_in_trash": "No ebooks found in Trash",
        "archives": "eBook Archives",
        "attributes": "eBook Attributes",
        "featured_image": "",
        "set_featured_image": "",
        "remove_featured_image": "",
        "use_featured_image": "",
        "insert_into_item": "Insert into ebook",
        "uploaded_to_this_item": "Uploaded to this ebook",
        "filter_items_list": "Filter ebooks list",
        "filter_by_date": "Filter ebooks by date",
        "items_list_navigation": "eBooks list navigation",
        "items_list": "eBooks list",
        "item_published": "eBook published.",
        "item_published_privately": "eBook published privately.",
        "item_reverted_to_draft": "eBook reverted to draft.",
        "item_scheduled": "eBook scheduled.",
        "item_updated": "eBook updated.",
        "item_link": "eBook Link",
        "item_link_description": "A link to a ebook."
    },
    "description": "",
    "public": true,
    "hierarchical": true,
    "exclude_from_search": false,
    "publicly_queryable": true,
    "show_ui": true,
    "show_in_menu": true,
    "admin_menu_parent": "",
    "show_in_admin_bar": true,
    "show_in_nav_menus": true,
    "show_in_rest": true,
    "rest_base": "",
    "rest_namespace": "wp\/v2",
    "rest_controller_class": "WP_REST_Posts_Controller",
    "menu_position": "",
    "menu_icon": "dashicons-download",
    "rename_capabilities": false,
    "singular_capability_name": "post",
    "plural_capability_name": "posts",
    "supports": [
        "title",
        "editor",
        "page-attributes",
        "thumbnail"
    ],
    "taxonomies": [
        "resource-type"
    ],
    "has_archive": false,
    "has_archive_slug": "",
    "rewrite": {
        "permalink_rewrite": "post_type_key",
        "with_front": "0",
        "feeds": "0",
        "pages": "1"
    },
    "query_var": "post_type_key",
    "query_var_name": "",
    "can_export": true,
    "delete_with_user": false,
    "register_meta_box_cb": "",
    "enter_title_here": "",
    "modified": 1704842962
}
