{
    "key": "post_type_659dd6dc2b7cf",
    "title": "Webinars",
    "menu_order": 0,
    "active": true,
    "post_type": "webinar",
    "advanced_configuration": true,
    "import_source": "",
    "import_date": "",
    "labels": {
        "name": "Webinars",
        "singular_name": "Webinar",
        "menu_name": "Webinars",
        "all_items": "All Webinars",
        "edit_item": "Edit Webinar",
        "view_item": "View Webinar",
        "view_items": "View Webinars",
        "add_new_item": "Add New Webinar",
        "add_new": "Add New Webinar",
        "new_item": "New Webinar",
        "parent_item_colon": "Parent Webinar:",
        "search_items": "Search Webinars",
        "not_found": "No webinars found",
        "not_found_in_trash": "No webinars found in Trash",
        "archives": "Webinar Archives",
        "attributes": "Webinar Attributes",
        "featured_image": "",
        "set_featured_image": "",
        "remove_featured_image": "",
        "use_featured_image": "",
        "insert_into_item": "Insert into webinar",
        "uploaded_to_this_item": "Uploaded to this webinar",
        "filter_items_list": "Filter webinars list",
        "filter_by_date": "Filter webinars by date",
        "items_list_navigation": "Webinars list navigation",
        "items_list": "Webinars list",
        "item_published": "Webinar published.",
        "item_published_privately": "Webinar published privately.",
        "item_reverted_to_draft": "Webinar reverted to draft.",
        "item_scheduled": "Webinar scheduled.",
        "item_updated": "Webinar updated.",
        "item_link": "Webinar Link",
        "item_link_description": "A link to a webinar."
    },
    "description": "",
    "public": true,
    "hierarchical": true,
    "exclude_from_search": false,
    "publicly_queryable": true,
    "show_ui": true,
    "show_in_menu": true,
    "admin_menu_parent": "",
    "show_in_admin_bar": true,
    "show_in_nav_menus": true,
    "show_in_rest": true,
    "rest_base": "",
    "rest_namespace": "wp\/v2",
    "rest_controller_class": "WP_REST_Posts_Controller",
    "menu_position": "",
    "menu_icon": "dashicons-download",
    "rename_capabilities": false,
    "singular_capability_name": "post",
    "plural_capability_name": "posts",
    "supports": [
        "title",
        "editor",
        "page-attributes",
        "thumbnail"
    ],
    "taxonomies": [
        "resource-type"
    ],
    "has_archive": false,
    "has_archive_slug": "",
    "rewrite": {
        "permalink_rewrite": "post_type_key",
        "with_front": "0",
        "feeds": "0",
        "pages": "1"
    },
    "query_var": "post_type_key",
    "query_var_name": "",
    "can_export": true,
    "delete_with_user": false,
    "register_meta_box_cb": "",
    "enter_title_here": "",
    "modified": 1704842983
}
