{
    "key": "post_type_659dd447d6174",
    "title": "White Papers",
    "menu_order": 0,
    "active": true,
    "post_type": "white-paper",
    "advanced_configuration": true,
    "import_source": "",
    "import_date": "",
    "labels": {
        "name": "White Papers",
        "singular_name": "White Paper",
        "menu_name": "White Papers",
        "all_items": "All White Papers",
        "edit_item": "Edit White Paper",
        "view_item": "View White Paper",
        "view_items": "View White Papers",
        "add_new_item": "Add New White Paper",
        "add_new": "Add New White Paper",
        "new_item": "New White Paper",
        "parent_item_colon": "Parent White Paper:",
        "search_items": "Search White Papers",
        "not_found": "No white papers found",
        "not_found_in_trash": "No white papers found in Trash",
        "archives": "White Paper Archives",
        "attributes": "White Paper Attributes",
        "featured_image": "",
        "set_featured_image": "",
        "remove_featured_image": "",
        "use_featured_image": "",
        "insert_into_item": "Insert into white paper",
        "uploaded_to_this_item": "Uploaded to this white paper",
        "filter_items_list": "Filter white papers list",
        "filter_by_date": "Filter white papers by date",
        "items_list_navigation": "White Papers list navigation",
        "items_list": "White Papers list",
        "item_published": "White Paper published.",
        "item_published_privately": "White Paper published privately.",
        "item_reverted_to_draft": "White Paper reverted to draft.",
        "item_scheduled": "White Paper scheduled.",
        "item_updated": "White Paper updated.",
        "item_link": "White Paper Link",
        "item_link_description": "A link to a white paper."
    },
    "description": "",
    "public": true,
    "hierarchical": true,
    "exclude_from_search": false,
    "publicly_queryable": true,
    "show_ui": true,
    "show_in_menu": true,
    "admin_menu_parent": "",
    "show_in_admin_bar": true,
    "show_in_nav_menus": true,
    "show_in_rest": true,
    "rest_base": "",
    "rest_namespace": "wp\/v2",
    "rest_controller_class": "WP_REST_Posts_Controller",
    "menu_position": "",
    "menu_icon": "dashicons-download",
    "rename_capabilities": false,
    "singular_capability_name": "post",
    "plural_capability_name": "posts",
    "supports": [
        "title",
        "editor",
        "page-attributes",
        "thumbnail"
    ],
    "taxonomies": [
        "resource-type"
    ],
    "has_archive": false,
    "has_archive_slug": "",
    "rewrite": {
        "permalink_rewrite": "post_type_key",
        "with_front": "0",
        "feeds": "0",
        "pages": "1"
    },
    "query_var": "post_type_key",
    "query_var_name": "",
    "can_export": true,
    "delete_with_user": false,
    "register_meta_box_cb": "",
    "enter_title_here": "",
    "modified": 1704842789
}
