{
    "key": "post_type_659dd43bd8cc9",
    "title": "Webcasts",
    "menu_order": 0,
    "active": true,
    "post_type": "webcast",
    "advanced_configuration": true,
    "import_source": "",
    "import_date": "",
    "labels": {
        "name": "Webcasts",
        "singular_name": "Webcast",
        "menu_name": "Webcasts",
        "all_items": "All Webcasts",
        "edit_item": "Edit Webcast",
        "view_item": "View Webcast",
        "view_items": "View Webcasts",
        "add_new_item": "Add New Webcast",
        "add_new": "Add New Webcast",
        "new_item": "New Webcast",
        "parent_item_colon": "Parent Webcast:",
        "search_items": "Search Webcasts",
        "not_found": "No webcasts found",
        "not_found_in_trash": "No webcasts found in Trash",
        "archives": "Webcast Archives",
        "attributes": "Webcast Attributes",
        "featured_image": "",
        "set_featured_image": "",
        "remove_featured_image": "",
        "use_featured_image": "",
        "insert_into_item": "Insert into webcast",
        "uploaded_to_this_item": "Uploaded to this webcast",
        "filter_items_list": "Filter webcasts list",
        "filter_by_date": "Filter webcasts by date",
        "items_list_navigation": "Webcasts list navigation",
        "items_list": "Webcasts list",
        "item_published": "Webcast published.",
        "item_published_privately": "Webcast published privately.",
        "item_reverted_to_draft": "Webcast reverted to draft.",
        "item_scheduled": "Webcast scheduled.",
        "item_updated": "Webcast updated.",
        "item_link": "Webcast Link",
        "item_link_description": "A link to a webcast."
    },
    "description": "",
    "public": true,
    "hierarchical": true,
    "exclude_from_search": false,
    "publicly_queryable": true,
    "show_ui": true,
    "show_in_menu": true,
    "admin_menu_parent": "",
    "show_in_admin_bar": true,
    "show_in_nav_menus": true,
    "show_in_rest": true,
    "rest_base": "",
    "rest_namespace": "wp\/v2",
    "rest_controller_class": "WP_REST_Posts_Controller",
    "menu_position": "",
    "menu_icon": "dashicons-download",
    "rename_capabilities": false,
    "singular_capability_name": "post",
    "plural_capability_name": "posts",
    "supports": [
        "title",
        "editor",
        "page-attributes",
        "thumbnail"
    ],
    "taxonomies": [
        "resource-type"
    ],
    "has_archive": false,
    "has_archive_slug": "",
    "rewrite": {
        "permalink_rewrite": "post_type_key",
        "with_front": "0",
        "feeds": "0",
        "pages": "1"
    },
    "query_var": "post_type_key",
    "query_var_name": "",
    "can_export": true,
    "delete_with_user": false,
    "register_meta_box_cb": "",
    "enter_title_here": "",
    "modified": 1704842967
}
