{
    "key": "post_type_657b8985da538",
    "title": "Case Studies",
    "menu_order": 0,
    "active": true,
    "post_type": "case-study",
    "advanced_configuration": true,
    "import_source": "cptui",
    "import_date": 1702594949,
    "labels": {
        "name": "Case Studies",
        "singular_name": "Case Study",
        "menu_name": "",
        "all_items": "",
        "edit_item": "",
        "view_item": "",
        "view_items": "",
        "add_new_item": "",
        "add_new": "",
        "new_item": "",
        "parent_item_colon": "",
        "search_items": "",
        "not_found": "",
        "not_found_in_trash": "",
        "archives": "",
        "attributes": "",
        "featured_image": "",
        "set_featured_image": "",
        "remove_featured_image": "",
        "use_featured_image": "",
        "insert_into_item": "",
        "uploaded_to_this_item": "",
        "filter_items_list": "",
        "filter_by_date": "",
        "items_list_navigation": "",
        "items_list": "",
        "item_published": "",
        "item_published_privately": "",
        "item_reverted_to_draft": "",
        "item_scheduled": "",
        "item_updated": "",
        "item_link": "",
        "item_link_description": ""
    },
    "description": "",
    "public": true,
    "hierarchical": false,
    "exclude_from_search": false,
    "publicly_queryable": true,
    "show_ui": true,
    "show_in_menu": true,
    "admin_menu_parent": "",
    "show_in_admin_bar": true,
    "show_in_nav_menus": true,
    "show_in_rest": true,
    "rest_base": "",
    "rest_namespace": "",
    "rest_controller_class": "",
    "menu_position": "",
    "menu_icon": "dashicons-clipboard",
    "rename_capabilities": false,
    "singular_capability_name": "post",
    "plural_capability_name": "posts",
    "supports": [
        "title",
        "editor",
        "excerpt",
        "thumbnail"
    ],
    "taxonomies": [
        "category"
    ],
    "has_archive": false,
    "has_archive_slug": "",
    "rewrite": {
        "permalink_rewrite": "custom_permalink",
        "slug": "\/resources\/case-studies",
        "with_front": "0",
        "feeds": "0",
        "pages": "1"
    },
    "query_var": "post_type_key",
    "query_var_name": "",
    "can_export": false,
    "delete_with_user": false,
    "register_meta_box_cb": "",
    "enter_title_here": "",
    "modified": 1704375677
}
