{
    "key": "post_type_659dd42f56e7e",
    "title": "Guides",
    "menu_order": 0,
    "active": true,
    "post_type": "guide",
    "advanced_configuration": true,
    "import_source": "",
    "import_date": "",
    "labels": {
        "name": "Guides",
        "singular_name": "Guide",
        "menu_name": "Guides",
        "all_items": "All Guides",
        "edit_item": "Edit Guide",
        "view_item": "View Guide",
        "view_items": "View Guides",
        "add_new_item": "Add New Guide",
        "add_new": "Add New Guide",
        "new_item": "New Guide",
        "parent_item_colon": "Parent Guide:",
        "search_items": "Search Guides",
        "not_found": "No guides found",
        "not_found_in_trash": "No guides found in Trash",
        "archives": "Guide Archives",
        "attributes": "Guide Attributes",
        "featured_image": "",
        "set_featured_image": "",
        "remove_featured_image": "",
        "use_featured_image": "",
        "insert_into_item": "Insert into guide",
        "uploaded_to_this_item": "Uploaded to this guide",
        "filter_items_list": "Filter guides list",
        "filter_by_date": "Filter guides by date",
        "items_list_navigation": "Guides list navigation",
        "items_list": "Guides list",
        "item_published": "Guide published.",
        "item_published_privately": "Guide published privately.",
        "item_reverted_to_draft": "Guide reverted to draft.",
        "item_scheduled": "Guide scheduled.",
        "item_updated": "Guide updated.",
        "item_link": "Guide Link",
        "item_link_description": "A link to a guide."
    },
    "description": "",
    "public": true,
    "hierarchical": true,
    "exclude_from_search": false,
    "publicly_queryable": true,
    "show_ui": true,
    "show_in_menu": true,
    "admin_menu_parent": "",
    "show_in_admin_bar": true,
    "show_in_nav_menus": true,
    "show_in_rest": true,
    "rest_base": "",
    "rest_namespace": "wp\/v2",
    "rest_controller_class": "WP_REST_Posts_Controller",
    "menu_position": "",
    "menu_icon": "dashicons-download",
    "rename_capabilities": false,
    "singular_capability_name": "post",
    "plural_capability_name": "posts",
    "supports": [
        "title",
        "editor",
        "page-attributes",
        "thumbnail"
    ],
    "taxonomies": [
        "resource-type"
    ],
    "has_archive": false,
    "has_archive_slug": "",
    "rewrite": {
        "permalink_rewrite": "post_type_key",
        "with_front": "0",
        "feeds": "0",
        "pages": "1"
    },
    "query_var": "post_type_key",
    "query_var_name": "",
    "can_export": true,
    "delete_with_user": false,
    "register_meta_box_cb": "",
    "enter_title_here": "",
    "modified": 1704842965
}
