{
    "key": "post_type_657cc4d7b4ad3",
    "title": "News Posts",
    "menu_order": 0,
    "active": true,
    "post_type": "news-post",
    "advanced_configuration": true,
    "import_source": "",
    "import_date": "",
    "labels": {
        "name": "News Posts",
        "singular_name": "News Post",
        "menu_name": "News Posts",
        "all_items": "All News Posts",
        "edit_item": "Edit News Post",
        "view_item": "View News Post",
        "view_items": "View News Posts",
        "add_new_item": "Add New News Post",
        "add_new": "Add New News Post",
        "new_item": "New News Post",
        "parent_item_colon": "Parent News Post:",
        "search_items": "Search News Posts",
        "not_found": "No news posts found",
        "not_found_in_trash": "No news posts found in Trash",
        "archives": "News Post Archives",
        "attributes": "News Post Attributes",
        "featured_image": "",
        "set_featured_image": "",
        "remove_featured_image": "",
        "use_featured_image": "",
        "insert_into_item": "Insert into news post",
        "uploaded_to_this_item": "Uploaded to this news post",
        "filter_items_list": "Filter news posts list",
        "filter_by_date": "Filter news posts by date",
        "items_list_navigation": "News Posts list navigation",
        "items_list": "News Posts list",
        "item_published": "News Post published.",
        "item_published_privately": "News Post published privately.",
        "item_reverted_to_draft": "News Post reverted to draft.",
        "item_scheduled": "News Post scheduled.",
        "item_updated": "News Post updated.",
        "item_link": "News Post Link",
        "item_link_description": "A link to a news post."
    },
    "description": "",
    "public": true,
    "hierarchical": false,
    "exclude_from_search": false,
    "publicly_queryable": true,
    "show_ui": true,
    "show_in_menu": true,
    "admin_menu_parent": "",
    "show_in_admin_bar": true,
    "show_in_nav_menus": true,
    "show_in_rest": true,
    "rest_base": "",
    "rest_namespace": "wp\/v2",
    "rest_controller_class": "WP_REST_Posts_Controller",
    "menu_position": "",
    "menu_icon": "dashicons-megaphone",
    "rename_capabilities": false,
    "singular_capability_name": "post",
    "plural_capability_name": "posts",
    "supports": [
        "title",
        "author",
        "editor",
        "thumbnail"
    ],
    "taxonomies": [
        "news-type"
    ],
    "has_archive": false,
    "has_archive_slug": "",
    "rewrite": {
        "permalink_rewrite": "custom_permalink",
        "slug": "\/about\/news",
        "with_front": "0",
        "feeds": "0",
        "pages": "1"
    },
    "query_var": "post_type_key",
    "query_var_name": "",
    "can_export": true,
    "delete_with_user": false,
    "register_meta_box_cb": "",
    "enter_title_here": "",
    "modified": 1705599647
}
