{
    "key": "post_type_657b8c676514d",
    "title": "Job Openings",
    "menu_order": 0,
    "active": true,
    "post_type": "job-opening",
    "advanced_configuration": true,
    "import_source": "",
    "import_date": "",
    "labels": {
        "name": "Job Openings",
        "singular_name": "Job Opening",
        "menu_name": "Job Openings",
        "all_items": "All Job Openings",
        "edit_item": "Edit Job Opening",
        "view_item": "View Job Opening",
        "view_items": "View Job Openings",
        "add_new_item": "Add New Job Opening",
        "add_new": "Add New Job Opening",
        "new_item": "New Job Opening",
        "parent_item_colon": "Parent Job Opening:",
        "search_items": "Search Job Openings",
        "not_found": "No job openings found",
        "not_found_in_trash": "No job openings found in Trash",
        "archives": "Job Opening Archives",
        "attributes": "Job Opening Attributes",
        "featured_image": "",
        "set_featured_image": "",
        "remove_featured_image": "",
        "use_featured_image": "",
        "insert_into_item": "Insert into job opening",
        "uploaded_to_this_item": "Uploaded to this job opening",
        "filter_items_list": "Filter job openings list",
        "filter_by_date": "Filter job openings by date",
        "items_list_navigation": "Job Openings list navigation",
        "items_list": "Job Openings list",
        "item_published": "Job Opening published.",
        "item_published_privately": "Job Opening published privately.",
        "item_reverted_to_draft": "Job Opening reverted to draft.",
        "item_scheduled": "Job Opening scheduled.",
        "item_updated": "Job Opening updated.",
        "item_link": "Job Opening Link",
        "item_link_description": "A link to a job opening."
    },
    "description": "",
    "public": true,
    "hierarchical": false,
    "exclude_from_search": false,
    "publicly_queryable": true,
    "show_ui": true,
    "show_in_menu": true,
    "admin_menu_parent": "",
    "show_in_admin_bar": true,
    "show_in_nav_menus": true,
    "show_in_rest": true,
    "rest_base": "",
    "rest_namespace": "wp\/v2",
    "rest_controller_class": "WP_REST_Posts_Controller",
    "menu_position": "",
    "menu_icon": "dashicons-nametag",
    "rename_capabilities": false,
    "singular_capability_name": "post",
    "plural_capability_name": "posts",
    "supports": [
        "title",
        "editor",
        "excerpt",
        "thumbnail"
    ],
    "taxonomies": "",
    "has_archive": false,
    "has_archive_slug": "",
    "rewrite": {
        "permalink_rewrite": "custom_permalink",
        "slug": "\/about\/careers",
        "with_front": "0",
        "feeds": "0",
        "pages": "1"
    },
    "query_var": "post_type_key",
    "query_var_name": "",
    "can_export": true,
    "delete_with_user": false,
    "register_meta_box_cb": "",
    "enter_title_here": "",
    "modified": 1707248914
}
