{
    "key": "taxonomy_6596f0846882c",
    "title": "Resource Types",
    "menu_order": 0,
    "active": true,
    "taxonomy": "resource-type",
    "object_type": "",
    "advanced_configuration": 1,
    "import_source": "",
    "import_date": "",
    "labels": {
        "name": "Resource Types",
        "singular_name": "Resource Type",
        "menu_name": "Resource Types",
        "all_items": "All Resource Types",
        "edit_item": "Edit Resource Type",
        "view_item": "View Resource Type",
        "update_item": "Update Resource Type",
        "add_new_item": "Add New Resource Type",
        "new_item_name": "New Resource Type Name",
        "parent_item": "",
        "parent_item_colon": "",
        "search_items": "Search Resource Types",
        "most_used": "",
        "not_found": "No resource types found",
        "no_terms": "No resource types",
        "name_field_description": "",
        "slug_field_description": "",
        "parent_field_description": "",
        "desc_field_description": "",
        "filter_by_item": "",
        "items_list_navigation": "Resource Types list navigation",
        "items_list": "Resource Types list",
        "back_to_items": "← Go to resource types",
        "item_link": "Resource Type Link",
        "item_link_description": "A link to a resource type"
    },
    "description": "",
    "capabilities": {
        "manage_terms": "manage_categories",
        "edit_terms": "manage_categories",
        "delete_terms": "manage_categories",
        "assign_terms": "edit_posts"
    },
    "public": 1,
    "publicly_queryable": 1,
    "hierarchical": 1,
    "show_ui": 1,
    "show_in_menu": 1,
    "show_in_nav_menus": 1,
    "show_in_rest": 1,
    "rest_base": "",
    "rest_namespace": "wp\/v2",
    "rest_controller_class": "WP_REST_Terms_Controller",
    "show_tagcloud": 1,
    "show_in_quick_edit": 1,
    "show_admin_column": 1,
    "rewrite": {
        "permalink_rewrite": "taxonomy_key",
        "with_front": "1",
        "rewrite_hierarchical": "0"
    },
    "query_var": "post_type_key",
    "query_var_name": "",
    "default_term": {
        "default_term_enabled": "0"
    },
    "sort": 0,
    "meta_box": "default",
    "meta_box_cb": "",
    "meta_box_sanitize_cb": "",
    "modified": 1710974909
}
