{
    "key": "taxonomy_657cc52778a68",
    "title": "News Types",
    "menu_order": 0,
    "active": true,
    "taxonomy": "news-type",
    "object_type": [
        "news-post"
    ],
    "advanced_configuration": 0,
    "import_source": "",
    "import_date": "",
    "labels": {
        "name": "News Types",
        "singular_name": "News Type",
        "menu_name": "News Types",
        "all_items": "All News Types",
        "edit_item": "Edit News Type",
        "view_item": "View News Type",
        "update_item": "Update News Type",
        "add_new_item": "Add New News Type",
        "new_item_name": "New News Type Name",
        "search_items": "Search News Types",
        "popular_items": "Popular News Types",
        "separate_items_with_commas": "Separate news types with commas",
        "add_or_remove_items": "Add or remove news types",
        "choose_from_most_used": "Choose from the most used news types",
        "most_used": "",
        "not_found": "No news types found",
        "no_terms": "No news types",
        "name_field_description": "",
        "slug_field_description": "",
        "desc_field_description": "",
        "items_list_navigation": "News Types list navigation",
        "items_list": "News Types list",
        "back_to_items": "← Go to news types",
        "item_link": "News Type Link",
        "item_link_description": "A link to a news type"
    },
    "description": "",
    "capabilities": {
        "manage_terms": "manage_categories",
        "edit_terms": "manage_categories",
        "delete_terms": "manage_categories",
        "assign_terms": "edit_posts"
    },
    "public": 1,
    "publicly_queryable": 1,
    "hierarchical": 0,
    "show_ui": 1,
    "show_in_menu": 1,
    "show_in_nav_menus": 1,
    "show_in_rest": 1,
    "rest_base": "",
    "rest_namespace": "wp\/v2",
    "rest_controller_class": "WP_REST_Terms_Controller",
    "show_tagcloud": 1,
    "show_in_quick_edit": 1,
    "show_admin_column": 0,
    "rewrite": {
        "permalink_rewrite": "taxonomy_key",
        "with_front": "1",
        "rewrite_hierarchical": "0"
    },
    "query_var": "post_type_key",
    "query_var_name": "",
    "default_term": {
        "default_term_enabled": "0"
    },
    "sort": 0,
    "meta_box": "default",
    "meta_box_cb": "",
    "meta_box_sanitize_cb": "",
    "modified": 1710974909
}
