{
    "key": "ui_options_page_657b8e2dc5c80",
    "title": "General Settings",
    "active": true,
    "menu_order": 0,
    "page_title": "General Settings",
    "menu_slug": "general-settings",
    "parent_slug": "theme-settings",
    "advanced_configuration": 1,
    "icon_url": "",
    "menu_title": "General",
    "position": 0,
    "redirect": false,
    "description": "",
    "update_button": "Update",
    "updated_message": "Options Updated",
    "capability": "edit_posts",
    "data_storage": "options",
    "post_id": "",
    "autoload": 1,
    "_parent": 911,
    "modified": 1702596225
}
