{
    "key": "ui_options_page_657b8db08fdfc",
    "title": "Theme Settings",
    "active": true,
    "menu_order": 0,
    "page_title": "Theme Settings",
    "menu_slug": "theme-settings",
    "parent_slug": "none",
    "advanced_configuration": 1,
    "icon_url": "",
    "menu_title": "Theme Settings",
    "position": "3.1",
    "redirect": 1,
    "description": "",
    "update_button": "Update",
    "updated_message": "Options Updated",
    "capability": "edit_posts",
    "data_storage": "options",
    "post_id": "",
    "autoload": 1,
    "modified": 1702596107
}
