{
    "key": "ui_options_page_657b8e8741d6e",
    "title": "Footer Settings",
    "active": true,
    "menu_order": 0,
    "page_title": "Footer Settings",
    "menu_slug": "footer-settings",
    "parent_slug": "theme-settings",
    "advanced_configuration": 1,
    "icon_url": "",
    "menu_title": "Footer",
    "position": 2,
    "redirect": false,
    "description": "",
    "update_button": "Update",
    "updated_message": "Options Updated",
    "capability": "edit_posts",
    "data_storage": "options",
    "post_id": "",
    "autoload": 0,
    "_parent": 911,
    "modified": 1702596251
}
