{
    "key": "ui_options_page_658ee2e7b57b2",
    "title": "Block",
    "active": true,
    "menu_order": 0,
    "page_title": "Block",
    "menu_slug": "block",
    "parent_slug": "theme-settings",
    "advanced_configuration": 0,
    "icon_url": "",
    "menu_title": "",
    "position": 4,
    "redirect": false,
    "description": "",
    "update_button": "Update",
    "updated_message": "Options Updated",
    "capability": "edit_posts",
    "data_storage": "options",
    "post_id": "",
    "autoload": 0,
    "_parent": 911,
    "modified": 1703863085
}
